{
	"partitions" : [
		{
			"name" : "Top",
			"pins" : [
				{
					"name" : "SAL1[7]",
					"strict" : false
				},
				{
					"name" : "SAL1[6]",
					"strict" : false
				},
				{
					"name" : "SAL1[5]",
					"strict" : false
				},
				{
					"name" : "SAL1[4]",
					"strict" : false
				},
				{
					"name" : "SAL1[3]",
					"strict" : false
				},
				{
					"name" : "SAL1[2]",
					"strict" : false
				},
				{
					"name" : "SAL1[1]",
					"strict" : false
				},
				{
					"name" : "SAL2[7]",
					"strict" : false
				},
				{
					"name" : "SAL2[6]",
					"strict" : false
				},
				{
					"name" : "SAL2[5]",
					"strict" : false
				},
				{
					"name" : "SAL2[4]",
					"strict" : false
				},
				{
					"name" : "SAL2[3]",
					"strict" : false
				},
				{
					"name" : "SAL2[2]",
					"strict" : false
				},
				{
					"name" : "SAL2[1]",
					"strict" : false
				},
				{
					"name" : "SAL3[7]",
					"strict" : false
				},
				{
					"name" : "SAL3[6]",
					"strict" : false
				},
				{
					"name" : "SAL3[5]",
					"strict" : false
				},
				{
					"name" : "SAL3[4]",
					"strict" : false
				},
				{
					"name" : "SAL3[3]",
					"strict" : false
				},
				{
					"name" : "SAL3[2]",
					"strict" : false
				},
				{
					"name" : "SAL3[1]",
					"strict" : false
				},
				{
					"name" : "SAL4[7]",
					"strict" : false
				},
				{
					"name" : "SAL4[6]",
					"strict" : false
				},
				{
					"name" : "SAL4[5]",
					"strict" : false
				},
				{
					"name" : "SAL4[4]",
					"strict" : false
				},
				{
					"name" : "SAL4[3]",
					"strict" : false
				},
				{
					"name" : "SAL4[2]",
					"strict" : false
				},
				{
					"name" : "SAL4[1]",
					"strict" : false
				},
				{
					"name" : "SAL5[7]",
					"strict" : false
				},
				{
					"name" : "SAL5[6]",
					"strict" : false
				},
				{
					"name" : "SAL5[5]",
					"strict" : false
				},
				{
					"name" : "SAL5[4]",
					"strict" : false
				},
				{
					"name" : "SAL5[3]",
					"strict" : false
				},
				{
					"name" : "SAL5[2]",
					"strict" : false
				},
				{
					"name" : "SAL5[1]",
					"strict" : false
				},
				{
					"name" : "SAL6[7]",
					"strict" : false
				},
				{
					"name" : "SAL6[6]",
					"strict" : false
				},
				{
					"name" : "SAL6[5]",
					"strict" : false
				},
				{
					"name" : "SAL6[4]",
					"strict" : false
				},
				{
					"name" : "SAL6[3]",
					"strict" : false
				},
				{
					"name" : "SAL6[2]",
					"strict" : false
				},
				{
					"name" : "SAL6[1]",
					"strict" : false
				},
				{
					"name" : "pin_name1",
					"strict" : false
				}
			]
		}
	]
}